1|5|SimpleTour|13|wooohooo|espanol|10|1,2,3|2|http://www.americanlayout.com/wp/wp-content/uploads/2012/08/C-To-Go-300x300.png,https://www.planetware.com/wpimages/2020/02/france-in-pictures-beautiful-places-to-photograph-eiffel-tower.jpg,https://www.planetware.com/wpimages/2020/02/france-in-pictures-beautiful-places-to-photograph-mont-st-michel.jpg
2|5|Trip|14|This do be fun|english|20|4,5|3|http://www.americanlayout.com/wp/wp-content/uploads/2012/08/C-To-Go-300x300.png,https://www.planetware.com/wpimages/2020/02/france-in-pictures-beautiful-places-to-photograph-eiffel-tower.jpg,https://www.planetware.com/wpimages/2020/02/france-in-pictures-beautiful-places-to-photograph-mont-st-michel.jpg
3|5|ComplicatedTour|15|This do be long|english|10|6,7,8,9,10,11,12|4|http://www.americanlayout.com/wp/wp-content/uploads/2012/08/C-To-Go-300x300.png,https://www.planetware.com/wpimages/2020/02/france-in-pictures-beautiful-places-to-photograph-eiffel-tower.jpg,https://www.planetware.com/wpimages/2020/02/france-in-pictures-beautiful-places-to-photograph-mont-st-michel.jpg
4|5|ZvornikCity|7|Podjite sa nama i otkrijte sve cari ovog grada koji datira iz 1410. Prvi put se pominje u spisima o lopovima iz Dubrovnika. Mozete ga obici za 20 minuta ako zurite.|Serbian, English, Latin|20|13,14,15,16,17,18|7|https://upload.wikimedia.org/wikipedia/commons/2/2e/%D0%9F%D0%B0%D0%BD%D0%BE%D1%80%D0%B0%D0%BC%D0%B0_%D0%97%D0%B2%D0%BE%D1%80%D0%BD%D0%B8%D0%BA%D0%B0.jpg,https://i0.wp.com/www.zvornikdanas.com/wp-content/uploads/2020/07/zvornik.jpg
5|5|ThisIsATest|16|Testing time. This is some description, image it|Adunaic |3|19,20|2|http://www.americanlayout.com/wp/wp-content/uploads/2012/08/C-To-Go-300x300.png,https://www.planetware.com/wpimages/2020/02/france-in-pictures-beautiful-places-to-photograph-eiffel-tower.jpg,https://www.planetware.com/wpimages/2020/02/france-in-pictures-beautiful-places-to-photograph-mont-st-michel.jpg
6|5|PrettyTour|3|This tour is so pretty and beautiful|Language|2|21,22|2|http://www.americanlayout.com/wp/wp-content/uploads/2012/08/C-To-Go-300x300.png,https://www.planetware.com/wpimages/2020/02/france-in-pictures-beautiful-places-to-photograph-eiffel-tower.jpg,https://www.planetware.com/wpimages/2020/02/france-in-pictures-beautiful-places-to-photograph-mont-st-michel.jpg
7|5|AntiqueTour|17|This is the best tour ever|serbian|2|23,24|2|http://www.americanlayout.com/wp/wp-content/uploads/2012/08/C-To-Go-300x300.png,https://www.planetware.com/wpimages/2020/02/france-in-pictures-beautiful-places-to-photograph-eiffel-tower.jpg,https://www.planetware.com/wpimages/2020/02/france-in-pictures-beautiful-places-to-photograph-mont-st-michel.jpg
8|5|Some tour title|18|You should visit this tour|serbian|2|25,26|2|http://www.americanlayout.com/wp/wp-content/uploads/2012/08/C-To-Go-300x300.png,https://www.planetware.com/wpimages/2020/02/france-in-pictures-beautiful-places-to-photograph-eiffel-tower.jpg,https://www.planetware.com/wpimages/2020/02/france-in-pictures-beautiful-places-to-photograph-mont-st-michel.jpg
9|5|Long walk|19|This is some random description|english|2|27,28|2|http://www.americanlayout.com/wp/wp-content/uploads/2012/08/C-To-Go-300x300.png,https://www.planetware.com/wpimages/2020/02/france-in-pictures-beautiful-places-to-photograph-eiffel-tower.jpg,https://www.planetware.com/wpimages/2020/02/france-in-pictures-beautiful-places-to-photograph-mont-st-michel.jpg
10|5|City tour|20|meowmeowmeowmeowmeowmeow|Meow|2|29,30|2|https://www.planetware.com/wpimages/2020/02/france-in-pictures-beautiful-places-to-photograph-mont-blanc.jpg,https://www.planetware.com/wpimages/2020/02/france-in-pictures-beautiful-places-to-photograph-pont-du-gard.jpg
11|5|The best tour|21|Random description|Spanish|2|31,32,33|10|http://www.americanlayout.com/wp/wp-content/uploads/2012/08/C-To-Go-300x300.png,https://www.planetware.com/wpimages/2020/02/france-in-pictures-beautiful-places-to-photograph-eiffel-tower.jpg,https://www.planetware.com/wpimages/2020/02/france-in-pictures-beautiful-places-to-photograph-mont-st-michel.jpg
12|5|Random tour with cool points|22|This is some description|Polish|2|34,35|2|http://www.americanlayout.com/wp/wp-content/uploads/2012/08/C-To-Go-300x300.png,https://www.planetware.com/wpimages/2020/02/france-in-pictures-beautiful-places-to-photograph-eiffel-tower.jpg,https://www.planetware.com/wpimages/2020/02/france-in-pictures-beautiful-places-to-photograph-mont-st-michel.jpg
13|5|Todays tour|23|This is for testing purposes, for K1 :)|japanese|20|36,37,38,39|2|
14|5|Visit Zvornik 2|7|Visit Zvornik, it is pretty city.|serbian. english|33|40,41,42,43|7|
15|5|Cookie Factory tour|10|See the beautiful urban city and eat cookies.|spanish|20|44,45,46|2|
16|5|kdasuk|30|uhku|hku|2|1|2|
17|5|TestingTime|3|Descriptione|spanish|20|2|2|
18|5|Testing|3|dksajdkua|kuh|20|47,48|2|slika1,slika2
19|5|jygg|31|jyg|jyjy|20|49,50|2|dasd
20|5|Best experience tour|3|This is one really cool tour, you should see it. It's long tho.|english|30|51,52,53,54|20|no img
21|5|New testing tour|32|hku|hku|20|55,56|2|
22|5|Yes Tour|33|kuhk|uh|20|57,58,59|3|
23|5|sadas|48|asd|asd|2|60,61|2|
24|5|Requested Tour by request 9|41|fsf|f|30||2|
