1|VAUCER922|4|3/4/2023 3:28:29 PM|4/3/2023 3:28:29 PM|USED
2|VAUCER923|4|3/4/2023 3:30:04 PM|4/3/2023 3:30:04 PM|USED
3|VAUCER924|4|3/4/2023 4:02:30 PM|4/3/2023 4:02:30 PM|USED
4|VAUCER925|4|3/4/2023 4:02:30 PM|4/3/2023 4:02:30 PM|VALID
5|VAUCER926|4|3/4/2023 4:02:30 PM|4/3/2023 4:02:30 PM|VALID
6|VAUCER927|4|3/7/2023 11:27:40 AM|4/6/2023 11:27:40 AM|VALID
7|VAUCER928|4|3/7/2023 11:27:40 AM|4/6/2023 11:27:40 AM|VALID
8|VAUCER929|4|3/7/2023 11:27:40 AM|4/6/2023 11:27:40 AM|VALID
9|VAUCER930|4|3/7/2023 11:27:40 AM|4/6/2023 11:27:40 AM|VALID
10|generate_name_later|4|4/16/2023 10:50:22 PM|4/26/2023 10:50:22 PM|VALID
11|generate_name_later|4|4/16/2023 10:50:22 PM|4/26/2023 10:50:22 PM|VALID
12|generate_name_later|4|4/16/2023 10:56:59 PM|4/26/2023 10:56:59 PM|VALID
13|generate_name_later|4|4/16/2023 10:59:02 PM|4/26/2023 10:59:02 PM|VALID
14|generate_name_later|4|4/16/2023 10:59:02 PM|4/26/2023 10:59:02 PM|VALID
15|generate_name_later|4|4/16/2023 10:59:02 PM|4/26/2023 10:59:02 PM|VALID
16|generate_name_later|6|4/16/2023 10:59:02 PM|4/26/2023 10:59:02 PM|VALID
17|generate_name_later|7|4/16/2023 10:59:02 PM|4/26/2023 10:59:02 PM|VALID
18|generate_name_later|8|4/16/2023 10:59:02 PM|4/26/2023 10:59:02 PM|VALID
19|generate_name_later|9|4/16/2023 10:59:02 PM|4/26/2023 10:59:02 PM|VALID
20|generate_name_later|4|4/16/2023 10:59:04 PM|4/26/2023 10:59:04 PM|VALID
21|generate_name_later|4|4/16/2023 10:59:04 PM|4/26/2023 10:59:04 PM|VALID
22|generate_name_later|4|4/16/2023 10:59:04 PM|4/26/2023 10:59:04 PM|VALID
23|generate_name_later|6|4/16/2023 10:59:04 PM|4/26/2023 10:59:04 PM|VALID
24|generate_name_later|7|4/16/2023 10:59:04 PM|4/26/2023 10:59:04 PM|VALID
25|generate_name_later|8|4/16/2023 10:59:04 PM|4/26/2023 10:59:04 PM|VALID
26|generate_name_later|9|4/16/2023 10:59:04 PM|4/26/2023 10:59:04 PM|VALID
27|generate_name_later|4|4/16/2023 11:09:24 PM|4/26/2023 11:09:24 PM|VALID
28|generate_name_later|4|4/16/2023 11:09:24 PM|4/26/2023 11:09:24 PM|VALID
